[{"first_name":"Kort","last_name":"Wickliffe","email":"kwickliffe0@orciconsectetuer.com"},
{"first_name":"Bernard","last_name":"Tudbald","email":"btudbald1@nonummyipsum.co.uk"},
{"first_name":"Kaleb","last_name":"Nuccitelli","email":"knuccitelli2@uncsollicitudin.edu"},
{"first_name":"Swen","last_name":"Fransinelli","email":"sfransinelli3@nullacras.ca"},
{"first_name":"Lexis","last_name":"Shelmardine","email":"lshelmardine4@nullain.org"},
{"first_name":"Amalia","last_name":"Antushev","email":"aantushev5@uttinciduntorci.net"},
{"first_name":"Viola","last_name":"Harborow","email":"vharborow6@egestasligulanullam.com"},
{"first_name":"Bing","last_name":"Zamorano","email":"bzamorano7@ut.com"},
{"first_name":"Corrinne","last_name":"Gingle","email":"cgingle8@nunc.org"},
{"first_name":"Whitman","last_name":"Dressel","email":"wdressel9@convallis.ca"},
{"first_name":"Zacharia","last_name":"Klewer","email":"zklewera@natoquepenatibus.org"},
{"first_name":"Yetta","last_name":"Skylett","email":"yskylettb@nonummy.org"},
{"first_name":"Rora","last_name":"Mylechreest","email":"rmylechreestc@fringilla.org"},
{"first_name":"Silvanus","last_name":"Farlow","email":"sfarlowd@lectusnullam.ca"},
{"first_name":"Annalee","last_name":"Gallanders","email":"agallanderse@diam.net"},
{"first_name":"Eliot","last_name":"Carver","email":"ecarverf@dignissimmaecenasornare.ca"},
{"first_name":"Giulio","last_name":"Sabate","email":"gsabateg@etnuncquisque.edu"},
{"first_name":"Brenda","last_name":"Bubbings","email":"bbubbingsh@nec.org"},
{"first_name":"Tadeas","last_name":"Phizaclea","email":"tphizacleai@posuere.ca"},
{"first_name":"Brit","last_name":"Melbourn","email":"bmelbournj@morbivehiculapellentesque.co.uk"}]